<?xml version="1.0"?>
<DEVICE_INFORMATION_FILE xmlns:msdata="urn:schemas-microsoft-com:xml-msdata" xmlns:xsd="http://www.w3.org/2001/XMLSchema">
	<!--Global Version--><HEADER ID="HEADER"><COPYRIGHT ID="HEADER"><CopyrightString>(C) 2008, 2018 Renesas Electronics Corporation</CopyrightString><FirstEditionYear>2012</FirstEditionYear><LatestEditionYear>2018</LatestEditionYear></COPYRIGHT><VERSION ID="HEADER"><FormatVersion>V1.10</FormatVersion><FileVersion>E1.010003</FileVersion></VERSION></HEADER><PRODUCTLISTINFORMATION ID="PRODUCTLISTINFORMATION"><Nickname>RL78/FGC128K-S</Nickname><ProductName>R7F240130</ProductName><FileInformationFileVersion></FileInformationFileVersion><Version></Version><ROMSize>128</ROMSize><RAMSize>7168</RAMSize><DeviceFileProductName></DeviceFileProductName><ProductDisplayName>R7F240130</ProductDisplayName><PinCount>64</PinCount><ProductDisplayNameNote></ProductDisplayNameNote><ProductInformation>Device</ProductInformation><CompilerInformation>CA78K0R/CCRL</CompilerInformation><CompilerInformationNote></CompilerInformationNote></PRODUCTLISTINFORMATION></DEVICE_INFORMATION_FILE>
