<?xml version="1.0" encoding="utf-8"?>
<ArrayOfToolchain xmlns:xsi="http://www.w3.org/2001/XMLSchema-instance" xmlns:xsd="http://www.w3.org/2001/XMLSchema">
  <Toolchain Version="E0.01.00a-">
    <ProjectType Name="Application">
      <Phase Name="General">
      </Phase>
      <Phase Name="Compiler">
      </Phase>
      <Phase Name="Assembler">
      </Phase>
      <Phase Name="Linker">
      </Phase>
      <Phase Name="HexOutput">
      </Phase>
      <File SourcePath="Generate/Common/main.c" Name="main.c" />
      <File SourcePath="Generate/RESETPRG/cstart_nm.asm" Name="cstart.asm" />
      <File SourcePath="Generate/hdwinit/hdwinit.asm" Name="hdwinit.asm" />
      <File SourcePath="Generate/stkinit/stkinit.asm" Name="stkinit.asm" />
    </ProjectType>

    <ProjectType Name="Empty">
      <Phase Name="General">
      </Phase>
      <Phase Name="Compiler">
      </Phase>
      <Phase Name="Assembler">
      </Phase>
      <Phase Name="Linker">
      </Phase>
      <Phase Name="HexOutput">
      </Phase>
    </ProjectType>

    <ProjectType Name="Library">
      <Phase Name="General">
      </Phase>
      <Phase Name="Compiler">
      </Phase>
      <Phase Name="Assembler">
      </Phase>
      <Phase Name="Librarian">
      </Phase>
    </ProjectType>
  </Toolchain>
</ArrayOfToolchain>
