<?xml version="1.0"?>
<DEVICE_INFORMATION_FILE xmlns:msdata="urn:schemas-microsoft-com:xml-msdata" xmlns:xsd="http://www.w3.org/2001/XMLSchema">
	<!--Global Version--><HEADER ID="HEADER"><COPYRIGHT ID="HEADER"><CopyrightString>(C) 2008, 2018 Renesas Electronics Corporation</CopyrightString><FirstEditionYear>2012</FirstEditionYear><LatestEditionYear>2018</LatestEditionYear></COPYRIGHT><VERSION ID="HEADER"><FormatVersion>V1.10</FormatVersion><FileVersion>E1.00c.02.XX.XX</FileVersion></VERSION></HEADER><PININFORMATION ID="PININFORMATION"><PackagCode></PackagCode><NumberOfPin></NumberOfPin><PinInformationFolderName></PinInformationFolderName><PinInformationFileName></PinInformationFileName><PinInformationFileVersion></PinInformationFileVersion><PinInformationFileNote></PinInformationFileNote></PININFORMATION><DEVICEFILEINFORMATION ID="DEVICEFILEINFORMATION"><DeviceFileInformationFolderName></DeviceFileInformationFolderName><DeviceFileInformationFileName>DR7F240130.DVF</DeviceFileInformationFileName><DeviceFileInformationFileVersion></DeviceFileInformationFileVersion><DeviceFileInformationNote></DeviceFileInformationNote></DEVICEFILEINFORMATION><DEVICEDEPENDENCEINFORMATION ID="DEVICEDEPENDENCEINFORMATION"><DeviceDependenceInformationFolderName></DeviceDependenceInformationFolderName><DeviceDependenceInformationFileName></DeviceDependenceInformationFileName><DeviceDependenceInformationFileVersion></DeviceDependenceInformationFileVersion><DeviceDependenceInformationNote></DeviceDependenceInformationNote></DEVICEDEPENDENCEINFORMATION></DEVICE_INFORMATION_FILE>
